"relative_path","size_bytes","sha256"
"02_CODE\5_9D\A0\FASE_5_9D_A0_GEO_local_audit_v02.py","28130","5f791c44738aee1b91466b8c0124de47c316aa734ea12c893b203a1992a074d5"
"02_CODE\5_9D\B1\B1_EXT_00_preflight_v04.ps1","9500","867c4c5741e4e86c21c443a46b06c096689778a10c2e8b7f944269b48fae0138"
"02_CODE\5_9D\B1\B1_EXT_01_execute_v04.ps1","11506","f3cb12b4c7d2713b952eb1d2be92e798f6ee24114e009f4b1cdc6123ad80f75a"
"02_CODE\5_9D\B1\B1_EXT_GH_00_preflight.ps1","15245","1bf467491fd42da7708749c82447a609a675f16600fb08489f349e729239c27a"
"02_CODE\5_9D\B1\B1_EXT_GH_01_materialize_v06.ps1","23520","e5a51e024162f4a3bf91d78bb892cb2d91ff78ac433e682a39a2d45d423bbbfd"
"02_CODE\5_9D\B1\B1_EXT_GH_01A_source_identity_diagnostic.ps1","7248","95fa275045bff22193e9ca90b530779984ec8ae8f628b3ecebc06de500f9074b"
"02_CODE\5_9D\B1\B1_EXT_GH_02_hybrid_interface_preflight_v02.py","21087","e534c7c96fad5141189743021baa143a91533e7a2d6f882f29b8b6de04446f38"
"02_CODE\5_9D\B1\B1_EXT_GH_02_hybrid_interface_preflight.py","21069","3249ee4e45f655f543ec0b09591bd0ceef7eb6c95b38128b774084009c4b42f5"
"02_CODE\5_9D\B1\B1_EXT_GH_03_targeted_shared_boundary_topology_scan.py","29761","ab94c3781e83671b400e415cd98b275afa6b58256ae994ae9c55b340f741f84b"
"02_CODE\5_9D\B1\B1_EXT_GH_04_profile_import_preflight_v02.py","32467","26554d9a2fc33deb5eca9cb48fe7bfac7914b1d3639b4c0124eab71ecf93582b"
"02_CODE\5_9D\B1\B1_EXT_GH_04_profile_import_preflight_v03.py","32015","5f9eac60c9ee7c7321ed9e63b23c146ceac2bd7298e0721c6e843afa9c057163"
"02_CODE\5_9D\B1\B1_EXT_GH_04_profile_import_preflight.py","29709","9209e4c5e211b1f11448b6639dcb34a3a23e6da26bd866e42574f804f0d10e9e"
"02_CODE\5_9D\B1\B1_EXT_GH_05_heavy_import_v02.py","20359","d16c7c11e0379d74ae1710a4050dcd377bc4fd05493de4a0668b5d8c4c7caee9"
"02_CODE\5_9D\B1\B1_EXT_GH_05_heavy_import.py","19297","5d89a7b31a7d447f0a35ae0f3eb3cb5a664a2f6a686ec1727275794750dd8b44"
"02_CODE\5_9D\B1\B1_EXT_GH_06_graph_load_targeted_routing_qa.py","36579","21d935eb5e185747b06b41f6175aba0e8ca18322f7388bef0dff46986f871558"
"02_CODE\5_9D\B1\B1_EXT_GH_07_hybrid_runtime_preflight.py","38952","d91b4e01b11eb7a856d1e3210c31a3e3aa88f377efd8439315c5a562df34d0a3"
"02_CODE\5_9D\B1\B1_EXT_GH_08_hybrid_routing_materialization.py","79658","e60b6655644e50d554c1399a0c7a61cae590ed7add4d12b4970d816c8ee1fe38"
"02_CODE\5_9D\B1\B1_EXT_GH_08D_blocking_diagnostics.py","25427","10cbc5a2a43405d3acd451739787a13602fc0488dac387649d526c5535a47ba9"
"02_CODE\5_9D\B1\B1_EXT_GH_08E_endpoint_snap_radius_probe_R1.py","38273","2bf89290328727504753538d8192d3a36a3df8f0298ceb53335527324405a1cd"
"02_CODE\5_9D\B1\B1_EXT_GH_08E_endpoint_snap_radius_probe.py","34348","a208f5b5014e2c512e437e3017c436dcc9825cd11cd2e11c2d4b3daa940d19b6"
"02_CODE\5_9D\B1\B1_EXT_GH_08F_targeted_endpoint_fallback_materialization.py","52658","ccf2de0bb140117c6fc9f66d524778d2109bcec6ef612d728e2405c932592aa8"
"02_CODE\5_9D\B1\B1_EXT_GH_09_selected_route_diagnostics_final_gate_R1.py","71901","eb314df8645be0208937922aa90c3307e438d40ef0db402d707d305575a89d86"
"02_CODE\5_9D\B1\B1_EXT_GH_09_selected_route_diagnostics_final_gate.py","66043","b3987d2710b140f415550fb139d8db99594185be1e7a7132f44c69281f799d9e"
"02_CODE\5_9D\B1\B1_EXT_GH_10A_targeted_restriction_maneuver_screen_R1.py","60370","966f4f8ba9c215f025405f4ba00dc07ceab28f374f2a7c430375b7cd261c4478"
"02_CODE\5_9D\B1\B1_EXT_GH_10A_targeted_restriction_maneuver_screen_R2.py","62985","c5fe77e5d064a93c60e8dddbb1331d618020194d0efb41d2012a71ce698c1825"
"02_CODE\5_9D\B1\B1_EXT_GH_10A_targeted_restriction_maneuver_screen.py","57203","ccc2d763e4b04621c64d052256dcdd5c0fe6e14aa81e6a333faef767af9a0c4a"
"02_CODE\5_9D\B1\B1_EXT_GH_10B_targeted_restriction_topology_semantic_audit.py","52920","fea594496438f0dd1b22642df73fb01372f905a5381807872ef5787f9f42c90e"
"02_CODE\5_9D\B1\B1_EXT_GH_10C_castelfranco_ei_roundabout_counterfactual.py","45696","d0803eedce0cdbc2da7ce8c11c04cd1eb221ab7897acac28bd3cd343c9ca4f2e"
"02_CODE\5_9D\B1\B1_EXT_GH_10D_targeted_external_route_override_materialization_R1.py","50665","42624bff99f813d4d21c8ed8a0c8e1cb40fa28ec2b9a69cd9f294cd5448d4757"
"02_CODE\5_9D\B1\B1_EXT_GH_10D_targeted_external_route_override_materialization.py","47266","8b54791046b0976bb4fe336557af3aba19f79629b0d9671d88e95425a22b723a"
"02_CODE\5_9D\B1\B1_EXT_GH_10E_gateway_commuting_aggregation_close.py","34058","a3617c2be5f796774cca2bf464a35c283d3256e0416b272976039ed51084478f"
"02_CODE\5_9D\B1\B1_EXT_GH_recover_status.py","12726","e1a5be88dc7d8ef74c408f7170cf221720415c42baf16cdf61fdb933e8c143b9"
"02_CODE\5_9D\B1\b1_ext_route_and_qa.py","36448","3253ba0540b009381c4d2dc690ce385e6af75a5fdf54ff4c39104d085789ffb0"
"02_CODE\5_9D\B1\README_B1_EXT_RUN_v02.txt","2134","c2f50fea8540b1fa27d0a7b97f3ded6e651bd612ed2acf0555233423fb183aea"
"03_CANONICAL_DATA\5_9D\A1\EXTERNAL_GATEWAY_MASTER_PUBLIC_v02.xlsx","142957","c8337e9475bd6696fae4477fcea6db0540196e8e19496e24d6c0d54c95d6546e"
"04_FROZEN_CHECKPOINTS\5_9D\A0\A0_GEO_manifest_v02.json","3995","b9ae441c9cdd95cfee236d250105abb798b2e081da3be405971e5cc454058551"
"04_FROZEN_CHECKPOINTS\5_9D\A0\A0_GEO_manifest_v02.sha256","92","39b50755a09e68075a5cd34b882112f51069d46d8bd06223412b8e586389361a"
"04_FROZEN_CHECKPOINTS\5_9D\A0\A0_GEO_summary_v02.json","2299","dfc99a72e618337a18285f601a0f97ff771b2c27cc00d5f9833c738b202c2718"
"04_FROZEN_CHECKPOINTS\5_9D\A0\deduplicated_physical_crossings_v02.csv","353158","74029ef6e4a8169970d307be89cd01ed061b6ac9efded9aa1a1c35c96d32c3fe"
"04_FROZEN_CHECKPOINTS\5_9D\B1\PROVENANCE\b1_ext_car_b5_compat_v01.json","3166","29ad0a3a425b43b039c52d1013d0706894d842120995ed607f57406a1f01ea79"
"04_FROZEN_CHECKPOINTS\5_9D\B1\PROVENANCE\B1_EXT_FINAL_GATE_REPORT.txt","2262","3712ee6bc06bf477e53e618c837c6d86e4cecd155c20c7663883aa0cf829bd5a"
"04_FROZEN_CHECKPOINTS\5_9D\B1\PROVENANCE\B1_EXT_GH_09_selected_route_diagnostics_manifest_v01.json","4394","88241bf4294b3a7ac02b0406460a26aeb5dae1b60fe85e04a16815a94e8e9fa9"
"04_FROZEN_CHECKPOINTS\5_9D\B1\PROVENANCE\B1_EXT_GH_09_selected_route_diagnostics_summary_v01.json","8272","ab71ef8b762b30abb764fe88df0bc005e6af1f8e46585fc99458325fa1f8926e"
"04_FROZEN_CHECKPOINTS\5_9D\B1\PROVENANCE\B1_EXT_GH_10C_castelfranco_ei_counterfactual_manifest_v01.json","2964","1ebcb0746a3581411a6ac4cb708d72123846746833979e63852486faa5c22c76"
"04_FROZEN_CHECKPOINTS\5_9D\B1\PROVENANCE\B1_EXT_GH_10C_castelfranco_ei_counterfactual_summary_v01.json","1654","f8271d04e4bf626d235bc064993f19f9cd571aa0b6b59b09b7611d41cb49f0c5"
"04_FROZEN_CHECKPOINTS\5_9D\B1\PROVENANCE\B1_EXT_GH_10C_gateway_flow_delta_v01.csv","141","43b330019d7fddc4fbb5b643a952edfa6c586d6f4874fe24c521dc7c1d935970"
"04_FROZEN_CHECKPOINTS\5_9D\B1\PROVENANCE\B1_EXT_GH_10D_crossing_flow_attribution_v03.csv","2857","cc4dcd46e8f16c02b638a3ae909e7d71b144f011a06b80e56ebdbcdcd58dc742"
"04_FROZEN_CHECKPOINTS\5_9D\B1\PROVENANCE\B1_EXT_GH_10D_external_route_override_ledger_v03.csv","1454","02812bbe0a5c83ad86b65827e4c4156ab0904538a7bfb24c94e6505d6eaabb11"
"04_FROZEN_CHECKPOINTS\5_9D\B1\PROVENANCE\B1_EXT_GH_10D_gateway_flow_attribution_v03.csv","957","e506f044b2700cacd1c32c94d27661fe3d5117a5dcaaf2a1a8fbaeaf0be77fa0"
"04_FROZEN_CHECKPOINTS\5_9D\B1\PROVENANCE\B1_EXT_GH_10D_targeted_external_route_override_manifest_v03.json","6105","d77aff2741d287a812093446439e9faa01cd04bee34872d5fccd96b0eb43bc67"
"04_FROZEN_CHECKPOINTS\5_9D\B1\PROVENANCE\B1_EXT_GH_10D_targeted_external_route_override_summary_v03.json","2651","f342f00b7a692f2c34b1fc47f71a9220ead0519736b4f2f44b6c54dac904b3f9"
"04_FROZEN_CHECKPOINTS\5_9D\B1\PROVENANCE\B1_EXT_GH_10E_crossing_commuting_detail_v01.csv","3810","355ddfd59f9f65375be10113037e213b3ee29cd540ae5ab2451ba9776c2c5bf1"
"04_FROZEN_CHECKPOINTS\5_9D\B1\PROVENANCE\B1_EXT_GH_10E_gateway_commuting_aggregation_manifest_v01.json","3158","3ba574a3e01b3a17c01127c58ab4096fa6f33eb371382fecb602c2ec4a1dba04"
"04_FROZEN_CHECKPOINTS\5_9D\B1\PROVENANCE\B1_EXT_GH_10E_gateway_commuting_aggregation_summary_v01.json","1225","e796e72c796055f20f958ca612da77feba8fd838d7d0e7f640f4c09ef5a13262"
"04_FROZEN_CHECKPOINTS\5_9D\B1\PROVENANCE\B1_EXT_GH_10E_gateway_commuting_aggregation_v01.csv","2225","54967fb424ae09d446888fc8b06a8a9fdecb97d3f47b90a23a5c20727449dae6"
"04_FROZEN_CHECKPOINTS\5_9D\B1\PROVENANCE\B1_EXT_GH_10E_gateway_observed_diagnostic_v01.csv","640","856421ef0fda1c2c8373266be3b98b2dd7f8d779592ddf7de1220dd1d1eee9a8"
"04_FROZEN_CHECKPOINTS\5_9D\B1\PROVENANCE\B1_EXT_GH_graph_file_manifest.json","1776","710b2013429cde70eb9fba1652d7af7f4e24a73504be64b9d609ea619fd93189"
"04_FROZEN_CHECKPOINTS\5_9D\B1\PROVENANCE\B1_EXT_GH_heavy_import_summary.json","3963","4d6fbad83885a463d44996e073d0c70594b85b523d489f66a3a05610538ecd56"
"04_FROZEN_CHECKPOINTS\5_9D\B1\PROVENANCE\B1_EXT_GH_materialization_manifest_v01.json","2324","49e3ebf0332fb08d62f08c8dc024daf0c67064f73ef0e59bd119a2dcd9708e71"
"04_FROZEN_CHECKPOINTS\5_9D\B1\PROVENANCE\B1_EXT_GH_profile_import_preflight_manifest_v01.json","4727","ca57ab790b1f3a80866c174e272c3f34833e08cd369ef90c4ff37ff87571b110"
"04_FROZEN_CHECKPOINTS\5_9D\B1\PROVENANCE\B1_EXT_GH_profile_import_preflight_summary_v01.json","2957","741b5b15370370557d275aded3d4c3bee2a4b6be63f3c14121e4129f056482d1"
"04_FROZEN_CHECKPOINTS\5_9D\B1\PROVENANCE\FASE_5_9D_B1_CLOSE_GATEWAY_AGGREGATION_REPORT.txt","4428","2b4042045259b83b48e4eae0def0a097f68ba966181aa4c2a9394c7e0a57b621"
"04_FROZEN_CHECKPOINTS\5_9D\B1\PROVENANCE\graphhopper_b1_ext_import_RUN.yml","1023","6d552b2373e127f00dfbd7a0cc3dedac5ce324b4b25af26fe1c08b4e63b43953"
"04_FROZEN_CHECKPOINTS\5_9D\B1\PROVENANCE\graphhopper_b1_ext_import_v01.yml","998","b0302a58670447e684f35acc170ac2b06d9057ea3d7d212ce499ba0dfa3a8ade"
