"file_name","relative_path","size_bytes","sha256","source"
"E0C_materialize_ISTAT_commuting_LIGHT_v0.py","02_CODE\ANAS_5_8\5_8E","28248","EA3AA8F51543D1105D6757BB803FA2ABAD9E3E8C4AF7239552A5C3EE620433A8","C:\Tesi\Tesi_QGIS\03_output_temporanei\fase_5_8E\E0C_materialize_ISTAT_commuting_LIGHT_v0.py"
"E1_build_calibration_operator.py","02_CODE\ANAS_5_8\5_8E","43537","7CFAD4084DC59B44CC8DB47C9CD2875F18932DD36DE83D755B729AA58C82D3AB","C:\Tesi\Tesi_QGIS\03_output_temporanei\fase_5_8E\E1_build_calibration_operator.py"
"E1A_compare_QGIS_review_vs_canonical.py","02_CODE\ANAS_5_8\5_8E","16914","0AE4366F832163FF617308415A2CF5EC08E88A358B2A6C85470EFB3213B5FDD5","C:\Tesi\Tesi_QGIS\03_output_temporanei\fase_5_8E\E1A_compare_QGIS_review_vs_canonical.py"
"E1A_operator_mapping_preflight.py","02_CODE\ANAS_5_8\5_8E","7372","CE15C38A3E3B8F8D2BB58B5C84EFEA36FBAE9D7053F573EC384C3FD90012DA75","C:\Tesi\Tesi_QGIS\03_output_temporanei\fase_5_8E\E1A_operator_mapping_preflight.py"
"E1B_diagnose_920034_local_path_coverage.py","02_CODE\ANAS_5_8\5_8E","25085","FFBD3A443103D8198BA220394EDE95509409988AF7C6E66631F8907622D3A763","C:\Tesi\Tesi_QGIS\03_output_temporanei\fase_5_8E\E1B_diagnose_920034_local_path_coverage.py"
"E1C_sensitivity_exposure_screen.py","02_CODE\ANAS_5_8\5_8E","39142","37D7FA44F7933A737A18EA0CA5E4D1F563A6AFE07DAEBECDCAC3AEACD5982DA2","C:\Tesi\Tesi_QGIS\03_output_temporanei\fase_5_8E\E1C_sensitivity_exposure_screen.py"
"E3A_profiled_nlls_scan.py","02_CODE\ANAS_5_8\5_8E","56621","0D8DF39343CAACD58343783D500E9CDB88C1B5C6FB15644266E142F487E0B031","C:\Tesi\Tesi_QGIS\03_output_temporanei\fase_5_8E\E3A_profiled_nlls_scan.py"
"E4_identifiability_stability.py","02_CODE\ANAS_5_8\5_8E","68428","122B3934E30D966A753E22CE604EF620704BFF14F8BF1FEAD103B765F8ECB980","C:\Tesi\Tesi_QGIS\03_output_temporanei\fase_5_8E\E4_identifiability_stability.py"
"E4B_residual_attribution.py","02_CODE\ANAS_5_8\5_8E","41912","3FF15135872068C292C373E0579B57506E10A10469B0818D48F3E05167FDE626","C:\Tesi\Tesi_QGIS\03_output_temporanei\fase_5_8E\E4B_residual_attribution.py"
"final_assignment_sanity.py","02_CODE\ANAS_5_8\5_8E","23446","0A138B339B1F43DB4C59F5C2001DD1B9B438FA8D7708574D24DFA475E00EB15A","C:\Tesi\Tesi_QGIS\03_output_temporanei\fase_5_8E\final_assignment_sanity.py"
"R1_origin_constrained_recalibration.py","02_CODE\ANAS_5_8\5_8E","67057","AAFFC91123BE762ABEE58FC79329C82A188A9106601D6FB1A9292BA1779374B0","C:\Tesi\Tesi_QGIS\03_output_temporanei\fase_5_8E\R1_origin_constrained_recalibration.py"
"R2_combined_deterrence.py","02_CODE\ANAS_5_8\5_8E","83038","E796019C5EAC1AB1D59DE5F43AE901081A4DBCE33B8A9BC0E5C65135E4DC0430","C:\Tesi\Tesi_QGIS\03_output_temporanei\fase_5_8E\R2_combined_deterrence.py"
"full_645_source_dijkstra_turnaware_v01.py","02_CODE\OSM_5_6\gamma\e2","42377","B30E05E13ECB74478AE4F845590AC0F2C542F6EC8A765C59D60F142F346AC9AC","C:\Tesi\Tesi_QGIS\03_output_temporanei\fase_5_6_osm_operativo\gamma_osm\e2\full_645_source_dijkstra_turnaware_v01.py"
"gamma_osm_structural_sensitivity_v01.py","02_CODE\OSM_5_6\gamma_sensitivity","32804","BC617F4231013E27448130E1A54A72065700E78C97227D3E318338C8E97A76CB","C:\Tesi\Tesi_QGIS\03_output_temporanei\fase_5_6_osm_operativo\gamma_sensitivity\gamma_osm_structural_sensitivity_v01.py"
"gamma_osm_topological_sensitivity_v02.py","02_CODE\OSM_5_6\gamma_sensitivity","26525","EAF9CD48D27620D4440BB889653AEF6EAB3F32E3A876ACBEC4A0ED1B115B1872","C:\Tesi\Tesi_QGIS\03_output_temporanei\fase_5_6_osm_operativo\gamma_sensitivity\gamma_osm_topological_sensitivity_v02.py"
"gamma_osm_candidate_depth_sensitivity_v03.py","02_CODE\OSM_5_6\gamma_sensitivity","29661","E5738ECAD7354300FAFF74CB69F6B846560D7D065C2289CD1111F0F12B467372","C:\Tesi\Tesi_QGIS\03_output_temporanei\fase_5_6_osm_operativo\gamma_sensitivity\gamma_osm_candidate_depth_sensitivity_v03.py"
"gamma_osm_cardinality_final_audit_v04.py","02_CODE\OSM_5_6\gamma_sensitivity","14641","7FCE132E1AF8E82B1E069BB5946F641E2799CAB14590055782D7B81F0113EEEA","C:\Tesi\Tesi_QGIS\03_output_temporanei\fase_5_6_osm_operativo\gamma_sensitivity\gamma_osm_cardinality_final_audit_v04.py"
